1.0223489162823798;-1.1529646272539409;-3.2381748334629137;-1.7434027529848657;1.0223489162823798;0.039865171013761413;0.16427632634073336;1
1.8180338684613657;1.2538459966951374;1.563850493117045;-0.1844821842418763;1.8180338684613657;1.6980305408593659;-1.2844806704337857;2
0.39405088016823464;0.0010115648456726033;-0.08775158136600547;-0.2162049316406273;3.5171620916399027;-0.5085307557558443;-1.2686836509632746;0
-0.023390340915552366;0.8651007761446753;-2.377079267885494;-0.9414198971609796;-0.023390340915552366;-1.1946569748410485;-1.1012179232000847;1
1.7501474264102046;-2.047213697324837;0.8757657478713481;-0.4247561094711233;14.281085210578306;1.939664066133771;1.3131501048283174;2
0.6258393008458234;-0.14744394127864485;-0.36860654409911353;-0.42290043332871197;0.6258393008458234;0.6013896640833434;-0.15776463709049834;2
0.5832731731493626;0.362288759161789;1.5215571488918687;0.3343630769205072;0.5832731731493626;-0.7868727832615654;1.0796200348225207;0
0.23192298396591438;-1.2850069666886328;-0.9991463475381548;nan;0.23192298396591438;-0.30385644065159134;-1.2006080479636205;0
2.7326280157500333;-2.2471481375814895;0.23547065724289296;-1.153615794041503;2.7326280157500333;-2.146056607637557;-1.788357220478607;0
-1.862749355709878;-2.286402625905385;-0.29420763823770857;0.7081058322323854;-1.862749355709878;-1.6742205587365282;0.9243298222003528;1
-1.1918015771495232;-1.4642876459609009;-0.5982259066721805;0.2953365906080373;-1.1918015771495232;-0.4739780245587828;0.9140603693286175;1
-0.52973611219989;0.01692806613003956;1.949320912415118;1.007293691447974;-0.52973611219989;-0.47548950866415995;0.05321608464171986;2
-0.733704279711282;-0.08597589029694218;-1.1332795015866048;-0.1232132651846554;-0.733704279711282;-0.5116365186034308;0.7834860030312537;1
0.6015517195399663;1.4807115800863946;2.650487644945362;0.7871146421217072;0.6015517195399663;0.8819267165711959;-0.7970735859614558;2
0.011361901198517543;0.2340703866280339;0.35990264886593404;0.14031952211586987;0.011361901198517543;0.3425278056191028;-0.2444289686570909;2
1.2861831841326505;0.29889181167138196;1.3057617359586005;-0.07102238991968342;1.2861831841326505;-1.225503193966681;-0.6273709097461991;0
1.8512812716867377;0.551553947098645;0.3254022211248835;nan;1.8512812716867377;1.9575670466730775;-0.2619527477513421;2
-0.2598726708684713;2.1454806249238856;2.5932079622921336;1.1426717727345703;-0.2598726708684713;-0.28112104257104054;-1.005510500005394;0
-0.23640780769863912;-0.6386401059470449;1.4401224948526576;0.6760842179913521;-0.23640780769863912;-0.1475889681350394;1.603232259045323;0
1.4106470982250303;0.6020493515241854;1.9553198478960645;0.12950229341782266;1.4106470982250303;-1.3451543876545298;0.6897412714399727;0
0.4211735599794493;2.414709405767891;-2.209473510490444;-1.059184634387541;0.4211735599794493;0.7715628071087948;nan;1
-0.9104235646704514;-2.132126379357386;-1.1116349353318338;-0.03920748270380712;-0.9104235646704514;-1.020079427731801;0.2733516209851898;1
0.5797511481177247;0.007050565099863432;-2.745225234165268;-1.3526856188741043;0.5797511481177247;-0.4396073169525615;-1.520679737995406;1
1.6761301361483907;-0.7827913663039351;3.5246183736720225;0.630351990914685;1.6761301361483907;-1.5664894044289304;-2.1452033256762153;1
1.3143797600026177;-0.5305213363823952;-0.6355751492870148;-0.8327876654534565;1.3143797600026177;1.3190807607317963;nan;2
1.4636409423303336;-1.6269556454617031;2.614515880342215;0.3870671842786804;14.17995318033197;1.1484433203489364;0.6109981688787588;2
1.3919801645290442;-1.5266444439659528;0.8290730758685725;-0.2877968200416706;1.3919801645290442;1.2318126698982081;0.24743539267059259;2
0.9528608367218985;-0.9160057458384436;1.2303814688104242;0.06560510950733467;0.9528608367218985;0.824111113520382;0.5929361710307945;2
-1.7246193742895546;0.38754203746162447;-4.8247066380846526e-05;0.7715814053984095;-1.7246193742895546;-0.5545072983174757;nan;1
1.898754238830044;0.2361032155322325;0.4433065328590087;-0.6633400980450043;1.898754238830044;1.9053043128034264;0.6061214569299544;2
0.6194900398303791;1.1794019139327967;1.8084697574507196;0.4320197184452565;0.6194900398303791;-0.7600028535172734;-1.1083547194936498;0
0.5765576065689308;-0.8358293366234442;2.6555160898400043;0.7988215566480217;0.5765576065689308;0.6916065011912444;-1.0334996418587956;2
-0.8625888265765806;1.8610263886165315;0.40305548133027047;0.542054976258745;-0.8625888265765806;-0.7301508799761216;2.9820940240180502;2
1.4716378834296346;-0.5379127544251846;1.311628911507;-0.12978298156973428;1.4716378834296346;1.5501469312588065;-0.9248385750325963;2
3.0022113868346922;0.46646205938817265;0.6650759069997738;-1.1063514023534522;3.0022113868346922;-2.3605102726753517;-0.4977697123705678;0
1.4711868722647148;1.1000177262899742;-1.6459072101956846;-1.3237145881435417;1.4711868722647148;-1.144229418628103;0.8658702532199711;0
-0.3994992742116432;-0.54779108602191;3.4819483499966344;1.5588563100075583;-0.3994992742116432;-0.15204681743003046;1.3550198038609462;0
-1.337020636261609;0.38627766978887734;-1.1673422821314416;nan;-1.337020636261609;-1.6564329921059449;-0.15914411057806038;1
1.8467020994179921;-0.5354858823007572;0.9798560493903508;-0.45513997764254194;1.8467020994179921;-1.5595889036810622;0.26571327894284313;0
2.017857504198683;-1.991176758456778;2.460924632670247;0.0804109707129616;2.017857504198683;1.5982293263400142;-0.407985600654969;2
-1.6264052814314178;-0.9702857960958728;-0.658794250702867;0.45661720294186287;-1.6264052814314178;-1.749449027561843;-1.1935053817198857;2
1.0038980336648835;0.7942470913576486;1.8010842996874301;0.27349453703527743;1.0038980336648835;1.3972631639767261;0.6399527736753332;2
0.21367573477594393;0.01766247526042776;-1.7253045776758462;-0.7770589664979295;0.21367573477594393;0.37684658473350674;-1.0604301243626657;1
-2.1045503239559906;0.47933896636696427;-0.08811397480281358;0.8936754155508301;-2.1045503239559906;-2.287107318495151;1.0664970439899628;1
1.2174267671115653;-0.042847205930837115;1.7697216200593782;0.14367832081673654;1.2174267671115653;-1.245559717288407;-0.7459396914274451;0
0.13973174415886236;-0.8088818541568733;-0.15947906040314308;-0.12679881627236497;0.13973174415886236;-0.08684867442815847;-1.07718388435158;2
1.7332429413226045;0.052767300251099755;1.496667854299826;-0.17243118881427383;1.7332429413226045;1.7635537539149286;-0.2958981850354324;0
1.7101901554048238;1.5596391732490709;-0.33087451015652847;-0.8893787519450737;1.7101901554048238;1.409960670622008;-0.9713344322617893;2
1.009619986137347;0.8708115175922945;1.6641563722714645;0.1971681425542412;1.009619986137347;-1.018964659132766;-0.04250948177161452;0
0.5712467617882357;-2.31799022532204;0.878831712065366;0.08621838261977018;0.5712467617882357;-0.634010269545755;1.3634576615685872;0
2.056806691006792;-0.9990638650878141;0.9989327227638506;-0.5131386684079664;2.056806691006792;2.0372883420646533;1.3300787078685723;2
-1.2085256980697645;0.9735809530600675;1.4677778671639585;1.129296262667843;-1.2085256980697645;0.44824190186335944;0.8288594550438495;0
0.5943073816588786;0.060691730227154024;0.3155209412701445;-0.14788570798853654;0.5943073816588786;-0.68613844727453;-1.1253137950641885;0
0.41932708932382634;1.1855349419733705;2.990340874139041;1.0007844673934232;0.41932708932382634;0.5028940472701842;-0.7974863581482261;2
-0.3005134842911279;0.3902408212255003;0.3371081800264134;0.26819070278725105;-0.3005134842911279;-0.08371691543025161;-0.7410853746503526;0
0.4407379699171283;0.20799822521127273;0.20998613842128588;-0.11000360667229417;0.4407379699171283;0.6308457717146124;-1.5269558190803716;2
0.25418913035711355;0.6438530983828326;1.4540655204373747;nan;0.25418913035711355;0.6387578196630008;0.007165245482321862;2
-0.6917821184894232;-0.2413852309381001;-1.8002835897499792;-0.4165702609011322;-0.6917821184894232;-1.7624439889581143;0.483307953362576;0
0.9783073470095403;-0.7437113512580625;-0.7818973980285175;-0.740356205614034;0.9783073470095403;1.2205049951322562;-0.47308548799059863;2
2.7770246667849126;0.11091656364539325;-0.5727178468471126;-1.4935705646044761;2.7770246667849126;-2.095867693356862;-0.06133709886418046;0
0.45234320312147913;-0.7570096808623824;0.27115695205460344;-0.10036805090726479;0.45234320312147913;-0.5345818932360635;1.9547882130803695;0
0.05867909341616939;-0.5544608528642346;-1.9385522631179486;-0.7996986048680833;0.05867909341616939;-0.5975354948750018;-0.6640089083227515;1
1.3942715477646261;-0.7663395066782985;2.394602861998075;0.33249870102749446;1.3942715477646261;1.3213447206114366;-1.6238221203360645;2
-0.6003151298024858;1.5653944687148669;-1.2719159081622435;-0.23931031177718207;-0.6003151298024858;-0.6499570961322787;-0.28262023064392316;1
-0.7329520926638216;-0.27528381268587876;2.6894271651408936;1.3965319991603984;-0.7329520926638216;0.07057536017004895;-0.22769088133724497;0
-2.0569131392086053;-0.8007637761220583;0.7077345100327523;1.215076443554297;-2.0569131392086053;1.106688306884208;-0.8372747426765759;0
2.5240191591926617;0.5055379885050112;2.4526379783447503;-0.14526100584906657;2.5240191591926617;2.2662187286829436;-0.8463635961646541;2
-1.1557834283774846;1.0084927928560672;2.585177235463913;1.538823606106875;-1.1557834283774846;-0.7550895414563132;-0.028816648387666437;0
1.1045394833944406;2.200807770500221;2.8695622625329316;0.6494497332603425;1.1045394833944406;1.1092038746202642;nan;2
-0.8786118971582972;-1.0523172381028532;-0.5396605941418864;0.18245827376406315;-0.8786118971582972;0.1265037889434506;-0.9194230057039743;1
-0.5335532399142655;0.026667366363500106;-1.6810807173091227;-0.4280815837124106;-0.5335532399142655;-0.219130126089642;0.6532915455356926;1
-1.7492584044872572;0.8003246836712407;0.023211099632733045;nan;-1.7492584044872572;-1.2813354141767501;0.09285562952233088;1
-0.9728218857413286;0.6418344086590152;-1.4733170752781728;-0.16498816895909185;-0.9728218857413286;-2.320850090097399;nan;1
-1.5084773589030571;2.6990796073388412;-0.1426214208532529;0.6214886885439488;-1.5084773589030571;-0.09676693906218026;-0.1380781395702717;1
0.5202304291366702;0.037775191559886526;-2.8063069289829286;-1.3536783027238983;5.036835409363798;-0.8817271406219128;-0.41546895827644753;1
3.400640924671689;1.3640161811424147;0.43358288592241523;-1.3791615662222856;3.400640924671689;-2.577799470614088;0.22159116407780838;0
0.9126794752830907;0.45037782251180847;2.5884292229644315;0.6219340461245477;0.9126794752830907;0.8107262680436269;-0.10447557326828986;2
0.5691897276586375;0.532937035335153;0.22296350068177606;-0.17322336623140103;0.5691897276586375;-0.679805568512302;1.1837971102949452;0
0.6597974664074847;1.4445706633057371;0.5059780179806375;-0.10227347014833978;0.6597974664074847;-0.7380507079743754;-0.41526033414322405;0
-2.411617767543264;-0.929570272834318;0.8802407571803412;1.429410944717836;-2.411617767543264;-0.589103751755667;0.5582208298799168;1
-2.2772483743008136;-1.0209435052541178;0.7369764176897464;1.3084924615910727;-2.2772483743008136;-1.0433375309004975;1.9244146575951109;1
-1.5599765603541131;-0.5010830212273145;-0.6940666709615195;0.4150309722271429;-1.5599765603541131;-1.4654000870637538;0.8567958568970775;1
-1.027201067435073;0.9529595953234253;-1.0116251178913969;0.04991394376550644;-1.027201067435073;-1.4014909126906283;0.6582072227285638;1
2.0375017326655325;0.17378910823450308;3.092277808702808;0.29410951112538986;2.0375017326655325;-1.8443958400036087;-0.5331648854096213;0
0.3033443630445438;1.7012337934927657;1.782216142147007;0.5655701833685748;0.3033443630445438;-0.5497701126138066;0.2621854065395438;0
0.6927765733812632;-0.48395197518557337;0.9086156093988741;0.04203475199718607;0.6927765733812632;-0.7956809387699201;0.8348753899074017;0
1.3079451221938645;0.7774895695578729;2.201161421701312;0.27337421815292207;1.3079451221938645;-1.3202805614644801;-1.3461704167194806;0
-0.661970933513909;-0.1170815574304331;-1.8698953191598102;-0.4617196670626835;-0.661970933513909;-2.2760932121984796;-0.34774613197794296;1
0.44267454737307743;-0.9771719700508466;1.5657974526612595;0.4256430094072296;0.44267454737307743;0.5128585843200364;-0.20533616396752036;2
-0.44898704628999786;-0.19940168188658816;-1.3973085607020166;-0.3520767572107977;-0.44898704628999786;-0.024726608346290258;0.7811406935597628;1
0.5847893335327294;-0.8015443892826896;3.7061777640443405;1.2108317944211877;0.5847893335327294;0.5938966214314685;1.2898773993497816;2
1.2758159385431016;0.6934441772737596;0.6439661468813516;-0.32853000105371744;1.2758159385431016;-1.2037519483884471;0.0031037238550365395;0
-0.5980607215709921;0.49003830387090985;-2.88673856148807;-0.904528883893664;-0.5980607215709921;-3.6354801625518927;-0.05309731246748464;1
-1.594482753977493;0.7940642937229283;-0.41325136859367895;0.5422377010721988;-1.594482753977493;-1.4208841974644826;1.3965309907023895;1
-0.026026618449625394;-0.3509245732823734;0.7945253981336999;0.3252474500617615;-0.23588058896815722;-0.17733685651776188;1.0640559549430504;0
-0.36560857545786496;-1.7160332096139503;-1.485283506610154;-0.42550529701426576;-0.36560857545786496;-0.15301549041054185;-0.5092448384421692;1
0.8953636328179738;-0.7342549850173384;-0.41626831541781484;-0.5598938213121495;0.8953636328179738;0.9966384038803473;-0.7410823480416989;2
-1.9862233729685386;0.8064731955012006;0.5001898932855411;1.0810474948702273;-1.9862233729685386;-1.3683154745760016;-0.49763794258942834;1
1.5993436433942345;-1.8622552809340238;0.34084510219276487;-0.5954249366628257;1.5993436433942345;-1.3460243575451736;1.2545107689116746;0
-0.033606157636531964;-0.4352786222134364;-1.8485076689393034;-0.7096507186513249;-0.033606157636531964;0.9939466405999564;-0.972988109657597;1
